 ,RegDate,first_Name,last_Name,Email_Address,HomePhone,Street,City,State,Zipcode
1,11/12/08 10:47,Allison,Nguyen,arannon@jumpstartlab.com,6154385000,3155 19th St NW,Washington,DC,20010
2,11/12/08 13:23,SArah,Hankins,pinalevitsky@jumpstartlab.com,414-520-5000,2022 15th Street NW,Washington,DC,20009
3,11/12/08 13:30,Sarah,Xx,lqrm4462@jumpstartlab.com,(941)979-2000,4175 3rd Street North,Saint Petersburg,FL,33703
4,11/25/08 19:21,David,Thomas,gdlia.lepping@jumpstartlab.com,650-799-0000,9 garrison ave,Jersey City,NJ,7306
5,2/2/09 11:29,Chris,Sackett,fpmorgan07@jumpstartlab.com,613 565-4000,173 Daly Ave,Ottawa,ON,
6,11/12/08 15:00,Aya,Fuller,jtex@jumpstartlab.com,778.232.7000,2-1325 Barclay Street,Vancouver,BC,90210
7,11/12/08 16:05,Mary Kate,Curry,wmppydaymaker@jumpstartlab.com,(202) 328 1000,1509 Jackson Street,Baltimore,MD,21230
8,11/12/08 17:18,Audrey,Hasegan,ffbbieucf@jumpstartlab.com,530-919-3000,1570 Old Ranch Rd.,Placerville,CA,95667
9,11/13/08 1:32,Shiyu,Armideo,odfarg06@jumpstartlab.com,8084974000,644 Ikemaka PL,Kailua,HI,96734
10,11/13/08 16:40,Eli,Zielke,jbrabeth.buckley@jumpstartlab.com,858 405 3000,3024 Cranbrook Ct,La Jolla,CA,92037
11,11/13/08 18:17,Colin,Harmston,qkristie.lencsak@jumpstartlab.com,14018685000,34 blue heron drive,attleboro,MA,2703
12,11/13/08 21:19,Megan,Doe,wkganize@jumpstartlab.com,315.450.6000,64 King Ave,Columbus,OH,43201
13,11/16/08 11:44,Meggie,Tippit,dgsanshamel@jumpstartlab.com,510 282 4000,28 Olive Ave.,Piedmont,CA,94611
14,11/16/08 13:54,Laura,Rapetsky,ikr08@jumpstartlab.com,787-295-0000,Urb Monte Carlo c/15#1287,San Juan,PR,924
15,11/16/08 20:20,Paul,Fulghum,cnroh@jumpstartlab.com,9.82E+00,shohadaye sadeghiye,Tehran,YK,14517
16,11/17/08 19:41,Shannon,Warner,gkjordandc@jumpstartlab.com,(603) 305-3000,186 Crooked S Road,Lyndeborough,NH,3082
17,11/19/08 21:56,Shannon,Davis,ltb3@jumpstartlab.com,530-355-7000,Campion 1108 914 E. Jefferson,Seattle,WA,98122
18,11/20/08 16:25,Nash,Okaty,qdansonlm@jumpstartlab.com,206-226-3000,914 E Jefferson ST,Seattle,WA,98122
19,11/23/08 20:44,Amanda,Hartzell,nqm17@jumpstartlab.com,607-280-2000,3515 School St,Valois,NY,14841
20,4/1/15 4:20,John,C,nope@nope.com,312-588-2300,6124 Broadway,Chicago,IL,60660
21,11/28/08 22:44,John,Hoy,xhnebenz@jumpstartlab.com,5126732000,300 E 30th St Apt 304,Austin,TX,78705
22,11/30/08 17:49,Peter,Hunt,fegitraore@jumpstartlab.com,774-313-0000,PO Box 683,Monument Beach,MA,2553
23,12/2/08 13:53,Dana,Williams,geggierose27@jumpstartlab.com,540-421-9000,228 Charter House Lane,Williamsburg,VA,23188
24,12/2/08 18:21,Paige,Tompkins,cimoore@jumpstartlab.com,303-818-6000,2124 Waverly Pl N #B,Seattle,WA,98109
25,12/2/08 21:50,Maria,Brown,cyerlun@jumpstartlab.com,3609046000,36605 ne north fork ave,la center,WA,98629
26,12/2/08 23:19,Michael,Panek,dntisler@jumpstartlab.com,801-362-6000,1434 Wilson Ave.,Salt Lake City,UT,84105
27,12/3/08 0:47,Oliver,Bringe,wfwilliams09@jumpstartlab.com,616.617.7000,650 Cambridge Blvd.,Grand Rapids,MI,49506
28,12/3/08 17:53,Kaitlyn,Applegate,xytheclouds27@jumpstartlab.com,9086357000,2 Hamilton Road,Whitehouse Station,NJ,8889
29,12/3/08 19:25,Brant,Berdis,yaaymazu@jumpstartlab.com,(818) 268-9000,18334 Los Alimos St.,Porter Ranch,CA,91326
30,12/3/08 21:43,Sarah,Cordova,tmai.202@jumpstartlab.com,(410).963.9000,5430 Hesperus Drive,Columbia,MD,21044
31,12/3/08 22:21,Marta,Nguyen,nfanda.kleintop@jumpstartlab.com,7034004000,1100 W. Broad St #428,Richmond,VA,23220
32,12/4/08 9:21,Greg,Dzara,jmpender@jumpstartlab.com,301-270-2000,122 Park Avenue,Takoma Park,MD,20912
33,12/4/08 13:02,Curtis,Bailey,nuchanzg@jumpstartlab.com,214.794.2000,1121 Fleming Ct.,Glenn Heights,TX,75154
34,12/4/08 14:58,Kelly,Zemel,rqstin.dunnigan@jumpstartlab.com,612 807 0000,3109 E 22nd St.,Minneapolis,MN,55406
35,12/4/08 15:20,Meaghan,Ciolino,flhne3ml@jumpstartlab.com,8608739000,3 no,yes,SD,4879
36,12/4/08 21:35,Emma,O'donnell,mvead@jumpstartlab.com,(717) 754-3000,3110 Columbia Avenue,Camp Hill,PA,17011
37,12/5/08 0:01,Matthew,Stitt,idnjamin_Mandel@jumpstartlab.com,(845) 853-2000,21 Fruitbud Dr.,Red Hook,NY,12571
38,12/7/08 13:02,Jonathan,Fahey,otohns@jumpstartlab.com,859.492.0000,4 B Shearwater St,Wrightsville Beach,NC,28480
39,12/7/08 13:04,Kristin,Tredeau,tpell1tr@jumpstartlab.com,919.426.4000,"601 S. College Rd, UNCW Station CB#-22764",Wilmington,NC,28403
40,12/7/08 13:07,Dan,Beneway,uevys@jumpstartlab.com,434.409.6000,3720 Country Ln,Charlottesville,VA,22903
41,12/7/08 13:10,Jeff,Shamon,djchary.kolodin@jumpstartlab.com,919.418.1000,9517 Candor Oaks Dr,Raleigh,NC,27615
42,12/7/08 13:12,Stephanie,Trowbridge,wineg1cr@jumpstartlab.com,919.818.2000,104 Pennsbury Ct,Cary,NC,27513
43,12/7/08 13:14,Yi,De Treville,vxave1nm@jumpstartlab.com,251.747.7000,PO Box 361,Montrose,AL,36559
44,12/7/08 13:16,Stephanie,Bales,tmishaDavis@jumpstartlab.com,440.503.1000,321 South Kerr Ave,Wilmington,NC,28403
45,12/7/08 13:18,Null,Habicht,ycloyd@jumpstartlab.com,910.232.3000,5308 Park Ave,Wilmington,NC,28403
46,12/7/08 13:20,Nate,Terry,linda621@jumpstartlab.com,919.740.7000,7309 Cape Charles Dr,Raleigh,NC,27617
47,12/7/08 13:23,Courtney,Ramirez,lxluchy@jumpstartlab.com,804.514.0000,10362 Aspen Grove Terr,Mechanicsville,VA,23116
48,12/7/08 14:01,Sherry,Cooper,amw2@jumpstartlab.com,858 405 3000,3024 Cranbrook Ct,La Jolla,CA,92037
49,12/7/08 14:04,Kayla,Lee,kiokiesmiller@jumpstartlab.com,5592846000,4636 N. Wishon Ave.,Fresno,CA,93704
50,12/7/08 14:06,Portia,Gilyard,mwsh.d@jumpstartlab.com,858 405 3000,550 San Juan St,Stanford,CA,94305
51,12/7/08 14:08,Julie,Lagor,bgshb1342@jumpstartlab.com,858 405 3000,550 San Juan St,Stanford,CA,94305
52,12/7/08 14:09,Lydia,Faber,tjzoe.davison@jumpstartlab.com,858 405 3000,550 San Juan St,Stanford,CA,94305
53,12/7/08 14:10,Natalie,Levy,uhaufman@jumpstartlab.com,858 405 3000,550 San Juan St,Stanford,CA,94305
54,12/7/08 14:20,Rachel,Full,axal.mike88@jumpstartlab.com,520 400 3000,622 N Treat Ave,Tucson,AZ,85716
55,12/7/08 14:22,Rachel,Farnsworth,tealsodg@jumpstartlab.com,858 405 3000,550 San Juan St,Stanford,CA,94305
56,12/7/08 14:24,Gabe,Poole,shhpin1@jumpstartlab.com,858 405 3000,550 San Juan St,Stanford,CA,94305
57,12/7/08 14:25,Hannah,Singer,cosulamjames@jumpstartlab.com,858 405 3000,550 San Juan St,Stanford,CA,94305
58,12/7/08 17:13,Nolan,Withers,ot@jumpstartlab.com,617-225-7000,476 Memorial Dr.,Cambridge,MA,2139
59,12/8/08 9:38,Ashley Morgan,Martino,umhasse@jumpstartlab.com,631.656.6000,15 Mike Ln,Smithtown,NY,11787
60,12/8/08 10:27,Rose,Lemle,ucler.magnuson@jumpstartlab.com,832-331-2000,3610 Shady Village Dr,Kingwood,TX,77345
61,12/8/08 14:29,Amanda,Monroe,ygckar_e@jumpstartlab.com,2816585000,5815 west harrow drive,houston,TX,77084
62,12/8/08 20:11,Brendan,Fisher,eaamsfischer@jumpstartlab.com,415 255 9000,75 Arkansas St,San Francisco,CA,94107
63,12/8/08 20:13,Sam,Murphy,fmgictechie@jumpstartlab.com,415 255 9000,75 Arkansas St,San Francisco,CA,94107
64,12/8/08 20:20,Christie,Cleeves,wxronak@jumpstartlab.com,415 255 9000,75 Arkansas St,San Francisco,CA,94107
65,12/8/08 20:22,Naani,Rosenfeld,brsinsk5@jumpstartlab.com,415 255 9000,75 Arkansas St,San Francisco,CA,94107
66,12/8/08 20:26,Kate,Two,kbhiting@jumpstartlab.com,415 255 9000,75 Arkansas St,San Francisco,CA,94107
67,12/8/08 20:28,Andrew,Null,vfases10@jumpstartlab.com,415 255 9000,75 Arkansas Street,San Francisco,CA,94107
68,12/8/08 20:29,Kristen,Sneeringer,wtats4nav@jumpstartlab.com,415 255 9000,75 Arkansas Street,San Francisco,CA,94107
69,12/8/08 20:31,Sofia,Murillo,lpohen@jumpstartlab.com,202 319 2000,"702 H St, suite 300",Washington,DC,20001
70,12/8/08 20:33,Jane,Breden,ocead@jumpstartlab.com,415 255 9000,75 Arkansas St,San Francisco,CA,94107
71,12/8/08 20:35,Chloe,James,vuchelshiozaki@jumpstartlab.com,440 785 8000,31 North Fisher Drive,Oxford,OH,45056
72,12/8/08 20:37,Theodora,Crews,lnohnso6@jumpstartlab.com,239-537-9000,150 Riverbridge Circle #208d,Oviedo,FL,32765
73,12/8/08 20:40,England,Wilen,olelatte@jumpstartlab.com,540-250-8000,1525 Washtenaw Avenue,Ann Arbor,MI,48104
74,12/8/08 20:42,Michelle,Normand,xqthomas@jumpstartlab.com,7153386000,1601 East River Terrace,Minneapolis,MN,55414
75,12/8/08 20:43,Amy,Axe,lfeflore@jumpstartlab.com,(702) 588-9000,2800 S Highland Mesa Dr,Flagstaff,AZ,86001